Wall time,Step,Value
1687656700.6159947,0,0.0
1687676405.3410597,50000,94.64593505859375
1687696954.3478744,100000,25.35089111328125
1687716861.2828634,150000,64.21544647216797
1687736147.2303262,200000,27.875200271606445
1687755567.1971686,250000,24.74949836730957
1687775876.9105618,300000,93.60087585449219
1687796616.268032,350000,47.66212463378906
1687817555.6592076,400000,43.87928771972656
1687838656.7299256,450000,94.40817260742188
1687860537.0296667,500000,22.644515991210938
1687882446.2584863,550000,36.79368209838867
1687904744.8583634,600000,60.47062683105469
1687928027.6262696,650000,19.32632064819336
1687951147.784331,700000,64.86344146728516
1687976316.7433941,750000,29.77607536315918
1688001655.0954225,800000,22.498992919921875
1688027305.753158,850000,32.8175048828125
1688053381.7908719,900000,77.36875915527344
1688079951.7810748,950000,59.07283401489258
